{"loss": [NaN, NaN, NaN, NaN, NaN, NaN, NaN, NaN, NaN, NaN, NaN, NaN, NaN, NaN, NaN, NaN, NaN, NaN, NaN, NaN, NaN, NaN, NaN, NaN, NaN, NaN, NaN, NaN, NaN, NaN, NaN, NaN, NaN, NaN, NaN, NaN, NaN, NaN], "mean_absolute_error": [NaN, NaN, NaN, NaN, NaN, NaN, NaN, NaN, NaN, NaN, NaN, NaN, NaN, NaN, NaN, NaN, NaN, NaN, NaN, NaN, NaN, NaN, NaN, NaN, NaN, NaN, NaN, NaN, NaN, NaN, NaN, NaN, NaN, NaN, NaN, NaN, NaN, NaN], "mean_q": [NaN, NaN, NaN, NaN, NaN, NaN, NaN, NaN, NaN, NaN, NaN, NaN, NaN, NaN, NaN, NaN, NaN, NaN, NaN, NaN, NaN, NaN, NaN, NaN, NaN, NaN, NaN, NaN, NaN, NaN, NaN, NaN, NaN, NaN, NaN, NaN, NaN, NaN], "mean_eps": [NaN, NaN, NaN, NaN, NaN, NaN, NaN, NaN, NaN, NaN, NaN, NaN, NaN, NaN, NaN, NaN, NaN, NaN, NaN, NaN, NaN, NaN, NaN, NaN, NaN, NaN, NaN, NaN, NaN, NaN, NaN, NaN, NaN, NaN, NaN, NaN, NaN, NaN], "episode_reward": [1.0, 3.0, 0.0, 2.0, 0.0, 0.0, 2.0, 1.0, 1.0, 1.0, 5.0, 2.0, 0.0, 0.0, 0.0, 0.0, 3.0, 6.0, 0.0, 2.0, 1.0, 1.0, 1.0, 2.0, 0.0, 2.0, 0.0, 2.0, 1.0, 1.0, 1.0, 3.0, 0.0, 1.0, 2.0, 3.0, 0.0, 0.0], "nb_episode_steps": [231, 346, 167, 272, 182, 171, 271, 215, 211, 213, 473, 307, 186, 183, 163, 172, 316, 536, 160, 279, 247, 210, 239, 280, 186, 272, 175, 272, 206, 247, 236, 344, 167, 234, 294, 328, 175, 168], "nb_steps": [231, 577, 744, 1016, 1198, 1369, 1640, 1855, 2066, 2279, 2752, 3059, 3245, 3428, 3591, 3763, 4079, 4615, 4775, 5054, 5301, 5511, 5750, 6030, 6216, 6488, 6663, 6935, 7141, 7388, 7624, 7968, 8135, 8369, 8663, 8991, 9166, 9334], "episode": [0, 1, 2, 3, 4, 5, 6, 7, 8, 9, 10, 11, 12, 13, 14, 15, 16, 17, 18, 19, 20, 21, 22, 23, 24, 25, 26, 27, 28, 29, 30, 31, 32, 33, 34, 35, 36, 37], "duration": [1.0296124670003337, 1.422836694999205, 0.6961058219985716, 1.1255280649984343, 0.8132116600008885, 0.7061322440004005, 1.1309589419997792, 0.9000871850003023, 0.8646872190001886, 0.8784394850008539, 1.945022849000452, 1.3244453190000058, 0.7847236599991447, 0.7615162629990664, 0.6872814530015603, 0.7089843209996616, 1.322316806001254, 2.2305133459994977, 0.6656775520004885, 1.2084786710001936, 1.0154379079995124, 0.8505904419998842, 0.9334002029991098, 1.102765884999826, 0.7424193890001334, 1.0910064060008153, 0.6956170799985557, 1.0731027929996344, 0.8275484389996564, 0.9756306009985565, 0.9473706749995472, 1.4881967789988266, 0.693759890000365, 0.9596927900001901, 1.2333587849989271, 1.3837372760008293, 0.7423453039991728, 0.7034709399995336]}